{
  "/workspace/RPi_Calendar/migrate_db.py": 1774820129.151147,
  "/workspace/RPi_Calendar/test_ddg.py": 1774820129.1531467,
  "/workspace/RPi_Calendar/refactor_scraper.py": 1774820129.151147,
  "/workspace/RPi_Calendar/run.py": 1774878937.9667435,
  "/workspace/RPi_Calendar/test_google.py": 1774820129.1531467,
  "/workspace/RPi_Calendar/scripts/scraper.py": 1774879570.832371,
  "/workspace/RPi_Calendar/app/sync.py": 1774878754.2522097,
  "/workspace/RPi_Calendar/app/__init__.py": 1774878921.8996985,
  "/workspace/RPi_Calendar/app/models.py": 1774878914.617678,
  "/workspace/RPi_Calendar/app/routes_auth.py": 1774878792.6563249,
  "/workspace/RPi_Calendar/app/routes_api.py": 1774878901.4146404,
  "/workspace/RPi_Calendar/static/js/app.js": 1774820129.1521468,
  "/workspace/RPi_Calendar/static/js/calendar.js": 1774820129.1521468,
  "/workspace/RPi_Calendar/static/js/tasks.js": 1774820129.1531467,
  "/workspace/RPi_Calendar/static/js/insights.js": 1774820129.1521468,
  "/workspace/RPi_Calendar/static/js/timer.js": 1774820129.1531467,
  "/workspace/RPi_Calendar/static/js/api.js": 1774820129.151147,
  "/workspace/RPi_Calendar/static/js/utils.js": 1774820129.1531467,
  "/workspace/RPi_Calendar/static/js/agency.js": 1774820129.151147,
  "/workspace/RPi_Calendar/static/js/jobs.js": 1774820129.1521468,
  "/workspace/RPi_Calendar/README.md": 1774820129.1501467,
  "/workspace/RPi_Calendar/ddg_debug.html": 1774820129.151147,
  "/workspace/RPi_Calendar/scrapling.md": 1774820129.151147,
  "/workspace/RPi_Calendar/requirements.txt": 1774820129.151147,
  "/workspace/RPi_Calendar/templates/index.html": 1774820129.1531467
}